<!DOCTYPE hibernate-configuration PUBLIC
        "-//Hibernate/Hibernate Configuration DTD 3.0//EN"
        "http://www.hibernate.org/dtd/hibernate-configuration-3.0.dtd">

<hibernate-configuration>
	<session-factory>
		<property name="hibernate.dialect">org.hibernate.dialect.MySQL8Dialect</property>
		<property name="hibernate.connection.driver_class">com.mysql.cj.jdbc.Driver</property>
		<property name="hibernate.connection.username">root</property>
		<property name="hibernate.connection.password">root123</property>
		<property name="hibernate.connection.url">jdbc:mysql:///enterprisejavabatch</property>
		<property name="hibernate.show_sql">true</property>
		<property name="hibernate.format_sql">true</property>
		<property name="hibernate.hbm2ddl.auto">update</property>

		<!-- Configuring EH cache... -->
		<property name="hibernate.cache.use_second_level_cache">true</property>
		<property name="hibernate.cache.region.factory_class">org.hibernate.cache.ehcache.EhCacheRegionFactory</property>
		<property name="net.sf.ehcache.configurationResourceName">ehcache.xml</property>

		<mapping class="in.ineuron.Model.InsurancePolicy" />
	</session-factory>
</hibernate-configuration>

